URL;Start Time;End Time;Response Time;Latency;Status Code
https://8322cbcz5p.us-east-2.awsapprunner.com/v1/transactions;2023-12-08T13:50:29.581Z;2023-12-08T13:50:34.831Z;5.25s;5.25s;201
https://8322cbcz5p.us-east-2.awsapprunner.com/v1/transactions;2023-12-08T13:50:29.582Z;2023-12-08T13:50:35.021Z;5.44s;5.44s;201
https://8322cbcz5p.us-east-2.awsapprunner.com/v1/transactions;2023-12-08T13:50:29.580Z;2023-12-08T13:50:35.026Z;5.45s;5.45s;201
https://8322cbcz5p.us-east-2.awsapprunner.com/v1/transactions;2023-12-08T13:50:29.579Z;2023-12-08T13:50:35.030Z;5.45s;5.45s;201
https://8322cbcz5p.us-east-2.awsapprunner.com/v1/transactions;2023-12-08T13:50:29.578Z;2023-12-08T13:50:35.042Z;5.46s;5.46s;201
https://8322cbcz5p.us-east-2.awsapprunner.com/v1/transactions;2023-12-08T13:50:29.579Z;2023-12-08T13:50:35.054Z;5.47s;5.47s;201
https://8322cbcz5p.us-east-2.awsapprunner.com/v1/transactions;2023-12-08T13:50:29.581Z;2023-12-08T13:50:35.067Z;5.49s;5.49s;201
https://8322cbcz5p.us-east-2.awsapprunner.com/v1/transactions;2023-12-08T13:50:29.584Z;2023-12-08T13:50:35.115Z;5.53s;5.53s;201
https://8322cbcz5p.us-east-2.awsapprunner.com/v1/transactions;2023-12-08T13:50:29.586Z;2023-12-08T13:50:35.137Z;5.55s;5.55s;201
https://8322cbcz5p.us-east-2.awsapprunner.com/v1/transactions;2023-12-08T13:50:29.586Z;2023-12-08T13:50:35.148Z;5.56s;5.56s;201
https://8322cbcz5p.us-east-2.awsapprunner.com/v1/transactions;2023-12-08T13:50:29.585Z;2023-12-08T13:50:35.228Z;5.64s;5.64s;201
https://8322cbcz5p.us-east-2.awsapprunner.com/v1/transactions;2023-12-08T13:50:29.584Z;2023-12-08T13:50:35.235Z;5.65s;5.65s;201
https://8322cbcz5p.us-east-2.awsapprunner.com/v1/transactions;2023-12-08T13:50:29.580Z;2023-12-08T13:50:35.238Z;5.66s;5.66s;201
https://8322cbcz5p.us-east-2.awsapprunner.com/v1/transactions;2023-12-08T13:50:29.583Z;2023-12-08T13:50:35.250Z;5.67s;5.67s;201
https://8322cbcz5p.us-east-2.awsapprunner.com/v1/transactions;2023-12-08T13:50:29.582Z;2023-12-08T13:50:35.261Z;5.68s;5.68s;201
https://8322cbcz5p.us-east-2.awsapprunner.com/v1/transactions;2023-12-08T13:50:36.263Z;2023-12-08T13:50:37.589Z;1.33s;1.33s;201
https://8322cbcz5p.us-east-2.awsapprunner.com/v1/transactions;2023-12-08T13:50:36.269Z;2023-12-08T13:50:37.618Z;1.35s;1.35s;201
https://8322cbcz5p.us-east-2.awsapprunner.com/v1/transactions;2023-12-08T13:50:36.275Z;2023-12-08T13:50:37.644Z;1.37s;1.37s;201
https://8322cbcz5p.us-east-2.awsapprunner.com/v1/transactions;2023-12-08T13:50:36.274Z;2023-12-08T13:50:37.645Z;1.37s;1.37s;201
https://8322cbcz5p.us-east-2.awsapprunner.com/v1/transactions;2023-12-08T13:50:36.278Z;2023-12-08T13:50:37.678Z;1.40s;1.40s;201
https://8322cbcz5p.us-east-2.awsapprunner.com/v1/transactions;2023-12-08T13:50:36.266Z;2023-12-08T13:50:37.684Z;1.42s;1.42s;201
https://8322cbcz5p.us-east-2.awsapprunner.com/v1/transactions;2023-12-08T13:50:36.279Z;2023-12-08T13:50:37.692Z;1.41s;1.41s;201
https://8322cbcz5p.us-east-2.awsapprunner.com/v1/transactions;2023-12-08T13:50:36.277Z;2023-12-08T13:50:37.713Z;1.44s;1.44s;201
https://8322cbcz5p.us-east-2.awsapprunner.com/v1/transactions;2023-12-08T13:50:36.279Z;2023-12-08T13:50:37.714Z;1.44s;1.44s;201
https://8322cbcz5p.us-east-2.awsapprunner.com/v1/transactions;2023-12-08T13:50:36.277Z;2023-12-08T13:50:37.717Z;1.44s;1.44s;201
https://8322cbcz5p.us-east-2.awsapprunner.com/v1/transactions;2023-12-08T13:50:36.276Z;2023-12-08T13:50:37.721Z;1.45s;1.45s;201
https://8322cbcz5p.us-east-2.awsapprunner.com/v1/transactions;2023-12-08T13:50:36.271Z;2023-12-08T13:50:37.879Z;1.61s;1.61s;201
https://8322cbcz5p.us-east-2.awsapprunner.com/v1/transactions;2023-12-08T13:50:36.276Z;2023-12-08T13:50:37.880Z;1.60s;1.60s;201
https://8322cbcz5p.us-east-2.awsapprunner.com/v1/transactions;2023-12-08T13:50:36.276Z;2023-12-08T13:50:37.883Z;1.61s;1.61s;201
https://8322cbcz5p.us-east-2.awsapprunner.com/v1/transactions;2023-12-08T13:50:36.275Z;2023-12-08T13:50:37.885Z;1.61s;1.61s;201
https://8322cbcz5p.us-east-2.awsapprunner.com/v1/transactions;2023-12-08T13:50:38.903Z;2023-12-08T13:50:40.176Z;1.27s;1.27s;201
https://8322cbcz5p.us-east-2.awsapprunner.com/v1/transactions;2023-12-08T13:50:38.899Z;2023-12-08T13:50:40.199Z;1.30s;1.30s;201
https://8322cbcz5p.us-east-2.awsapprunner.com/v1/transactions;2023-12-08T13:50:38.906Z;2023-12-08T13:50:40.204Z;1.30s;1.30s;201
https://8322cbcz5p.us-east-2.awsapprunner.com/v1/transactions;2023-12-08T13:50:38.904Z;2023-12-08T13:50:40.205Z;1.30s;1.30s;201
https://8322cbcz5p.us-east-2.awsapprunner.com/v1/transactions;2023-12-08T13:50:38.907Z;2023-12-08T13:50:40.226Z;1.32s;1.32s;201
https://8322cbcz5p.us-east-2.awsapprunner.com/v1/transactions;2023-12-08T13:50:38.904Z;2023-12-08T13:50:40.228Z;1.32s;1.32s;201
https://8322cbcz5p.us-east-2.awsapprunner.com/v1/transactions;2023-12-08T13:50:38.905Z;2023-12-08T13:50:40.240Z;1.33s;1.33s;201
https://8322cbcz5p.us-east-2.awsapprunner.com/v1/transactions;2023-12-08T13:50:38.905Z;2023-12-08T13:50:40.249Z;1.34s;1.34s;201
https://8322cbcz5p.us-east-2.awsapprunner.com/v1/transactions;2023-12-08T13:50:38.904Z;2023-12-08T13:50:40.272Z;1.37s;1.37s;201
https://8322cbcz5p.us-east-2.awsapprunner.com/v1/transactions;2023-12-08T13:50:38.909Z;2023-12-08T13:50:40.279Z;1.37s;1.37s;201
https://8322cbcz5p.us-east-2.awsapprunner.com/v1/transactions;2023-12-08T13:50:38.907Z;2023-12-08T13:50:40.280Z;1.37s;1.37s;201
https://8322cbcz5p.us-east-2.awsapprunner.com/v1/transactions;2023-12-08T13:50:38.906Z;2023-12-08T13:50:40.281Z;1.38s;1.38s;201
https://8322cbcz5p.us-east-2.awsapprunner.com/v1/transactions;2023-12-08T13:50:38.908Z;2023-12-08T13:50:40.293Z;1.39s;1.39s;201
https://8322cbcz5p.us-east-2.awsapprunner.com/v1/transactions;2023-12-08T13:50:38.908Z;2023-12-08T13:50:40.305Z;1.40s;1.40s;201
https://8322cbcz5p.us-east-2.awsapprunner.com/v1/transactions;2023-12-08T13:50:38.901Z;2023-12-08T13:50:40.607Z;1.71s;1.71s;201
https://8322cbcz5p.us-east-2.awsapprunner.com/v1/transactions;2023-12-08T13:50:41.609Z;2023-12-08T13:50:42.962Z;1.35s;1.35s;201
https://8322cbcz5p.us-east-2.awsapprunner.com/v1/transactions;2023-12-08T13:50:41.611Z;2023-12-08T13:50:42.963Z;1.35s;1.35s;201
https://8322cbcz5p.us-east-2.awsapprunner.com/v1/transactions;2023-12-08T13:50:41.610Z;2023-12-08T13:50:42.978Z;1.37s;1.37s;201
https://8322cbcz5p.us-east-2.awsapprunner.com/v1/transactions;2023-12-08T13:50:41.607Z;2023-12-08T13:50:42.984Z;1.38s;1.38s;201
https://8322cbcz5p.us-east-2.awsapprunner.com/v1/transactions;2023-12-08T13:50:41.608Z;2023-12-08T13:50:42.985Z;1.38s;1.38s;201
https://8322cbcz5p.us-east-2.awsapprunner.com/v1/transactions;2023-12-08T13:50:41.615Z;2023-12-08T13:50:42.994Z;1.38s;1.38s;201
https://8322cbcz5p.us-east-2.awsapprunner.com/v1/transactions;2023-12-08T13:50:41.614Z;2023-12-08T13:50:43.009Z;1.40s;1.40s;201
https://8322cbcz5p.us-east-2.awsapprunner.com/v1/transactions;2023-12-08T13:50:41.611Z;2023-12-08T13:50:43.019Z;1.41s;1.41s;201
https://8322cbcz5p.us-east-2.awsapprunner.com/v1/transactions;2023-12-08T13:50:41.612Z;2023-12-08T13:50:43.022Z;1.41s;1.41s;201
https://8322cbcz5p.us-east-2.awsapprunner.com/v1/transactions;2023-12-08T13:50:41.613Z;2023-12-08T13:50:43.023Z;1.41s;1.41s;201
https://8322cbcz5p.us-east-2.awsapprunner.com/v1/transactions;2023-12-08T13:50:41.615Z;2023-12-08T13:50:43.039Z;1.42s;1.42s;201
https://8322cbcz5p.us-east-2.awsapprunner.com/v1/transactions;2023-12-08T13:50:41.609Z;2023-12-08T13:50:43.049Z;1.44s;1.44s;201
https://8322cbcz5p.us-east-2.awsapprunner.com/v1/transactions;2023-12-08T13:50:41.610Z;2023-12-08T13:50:43.057Z;1.45s;1.45s;201
https://8322cbcz5p.us-east-2.awsapprunner.com/v1/transactions;2023-12-08T13:50:41.613Z;2023-12-08T13:50:43.075Z;1.46s;1.46s;201
https://8322cbcz5p.us-east-2.awsapprunner.com/v1/transactions;2023-12-08T13:50:41.612Z;2023-12-08T13:50:43.086Z;1.47s;1.47s;201
https://8322cbcz5p.us-east-2.awsapprunner.com/v1/transactions;2023-12-08T13:50:44.100Z;2023-12-08T13:50:45.380Z;1.28s;1.28s;201
https://8322cbcz5p.us-east-2.awsapprunner.com/v1/transactions;2023-12-08T13:50:44.108Z;2023-12-08T13:50:45.388Z;1.28s;1.28s;201
https://8322cbcz5p.us-east-2.awsapprunner.com/v1/transactions;2023-12-08T13:50:44.109Z;2023-12-08T13:50:45.400Z;1.29s;1.29s;201
https://8322cbcz5p.us-east-2.awsapprunner.com/v1/transactions;2023-12-08T13:50:44.103Z;2023-12-08T13:50:45.416Z;1.31s;1.31s;201
https://8322cbcz5p.us-east-2.awsapprunner.com/v1/transactions;2023-12-08T13:50:44.106Z;2023-12-08T13:50:45.417Z;1.31s;1.31s;201
https://8322cbcz5p.us-east-2.awsapprunner.com/v1/transactions;2023-12-08T13:50:44.108Z;2023-12-08T13:50:45.421Z;1.31s;1.31s;201
https://8322cbcz5p.us-east-2.awsapprunner.com/v1/transactions;2023-12-08T13:50:44.096Z;2023-12-08T13:50:45.439Z;1.34s;1.34s;201
https://8322cbcz5p.us-east-2.awsapprunner.com/v1/transactions;2023-12-08T13:50:44.108Z;2023-12-08T13:50:45.440Z;1.33s;1.33s;201
https://8322cbcz5p.us-east-2.awsapprunner.com/v1/transactions;2023-12-08T13:50:44.111Z;2023-12-08T13:50:45.458Z;1.35s;1.35s;201
https://8322cbcz5p.us-east-2.awsapprunner.com/v1/transactions;2023-12-08T13:50:44.110Z;2023-12-08T13:50:45.465Z;1.35s;1.35s;201
https://8322cbcz5p.us-east-2.awsapprunner.com/v1/transactions;2023-12-08T13:50:44.110Z;2023-12-08T13:50:45.468Z;1.36s;1.36s;201
https://8322cbcz5p.us-east-2.awsapprunner.com/v1/transactions;2023-12-08T13:50:44.112Z;2023-12-08T13:50:45.469Z;1.36s;1.36s;201
https://8322cbcz5p.us-east-2.awsapprunner.com/v1/transactions;2023-12-08T13:50:44.109Z;2023-12-08T13:50:45.474Z;1.36s;1.36s;201
https://8322cbcz5p.us-east-2.awsapprunner.com/v1/transactions;2023-12-08T13:50:44.111Z;2023-12-08T13:50:45.476Z;1.36s;1.36s;201
https://8322cbcz5p.us-east-2.awsapprunner.com/v1/transactions;2023-12-08T13:50:44.111Z;2023-12-08T13:50:45.514Z;1.40s;1.40s;201
https://8322cbcz5p.us-east-2.awsapprunner.com/v1/transactions;2023-12-08T13:50:46.528Z;2023-12-08T13:50:47.843Z;1.31s;1.31s;201
https://8322cbcz5p.us-east-2.awsapprunner.com/v1/transactions;2023-12-08T13:50:46.522Z;2023-12-08T13:50:47.844Z;1.32s;1.32s;201
https://8322cbcz5p.us-east-2.awsapprunner.com/v1/transactions;2023-12-08T13:50:46.530Z;2023-12-08T13:50:47.858Z;1.33s;1.33s;201
https://8322cbcz5p.us-east-2.awsapprunner.com/v1/transactions;2023-12-08T13:50:46.534Z;2023-12-08T13:50:47.860Z;1.33s;1.33s;201
https://8322cbcz5p.us-east-2.awsapprunner.com/v1/transactions;2023-12-08T13:50:46.533Z;2023-12-08T13:50:47.874Z;1.34s;1.34s;201
https://8322cbcz5p.us-east-2.awsapprunner.com/v1/transactions;2023-12-08T13:50:46.535Z;2023-12-08T13:50:47.875Z;1.34s;1.34s;201
https://8322cbcz5p.us-east-2.awsapprunner.com/v1/transactions;2023-12-08T13:50:46.525Z;2023-12-08T13:50:47.877Z;1.35s;1.35s;201
https://8322cbcz5p.us-east-2.awsapprunner.com/v1/transactions;2023-12-08T13:50:46.534Z;2023-12-08T13:50:47.878Z;1.34s;1.34s;201
https://8322cbcz5p.us-east-2.awsapprunner.com/v1/transactions;2023-12-08T13:50:46.537Z;2023-12-08T13:50:47.891Z;1.35s;1.35s;201
https://8322cbcz5p.us-east-2.awsapprunner.com/v1/transactions;2023-12-08T13:50:46.535Z;2023-12-08T13:50:47.893Z;1.36s;1.36s;201
https://8322cbcz5p.us-east-2.awsapprunner.com/v1/transactions;2023-12-08T13:50:46.536Z;2023-12-08T13:50:47.905Z;1.37s;1.37s;201
https://8322cbcz5p.us-east-2.awsapprunner.com/v1/transactions;2023-12-08T13:50:46.537Z;2023-12-08T13:50:47.929Z;1.39s;1.39s;201
https://8322cbcz5p.us-east-2.awsapprunner.com/v1/transactions;2023-12-08T13:50:46.536Z;2023-12-08T13:50:47.930Z;1.39s;1.39s;201
https://8322cbcz5p.us-east-2.awsapprunner.com/v1/transactions;2023-12-08T13:50:46.538Z;2023-12-08T13:50:47.932Z;1.39s;1.39s;201
https://8322cbcz5p.us-east-2.awsapprunner.com/v1/transactions;2023-12-08T13:50:46.536Z;2023-12-08T13:50:47.960Z;1.42s;1.42s;201
https://8322cbcz5p.us-east-2.awsapprunner.com/v1/transactions;2023-12-08T13:50:48.975Z;2023-12-08T13:50:50.276Z;1.30s;1.30s;201
https://8322cbcz5p.us-east-2.awsapprunner.com/v1/transactions;2023-12-08T13:50:48.982Z;2023-12-08T13:50:50.277Z;1.29s;1.29s;201
https://8322cbcz5p.us-east-2.awsapprunner.com/v1/transactions;2023-12-08T13:50:48.971Z;2023-12-08T13:50:50.293Z;1.32s;1.32s;201
https://8322cbcz5p.us-east-2.awsapprunner.com/v1/transactions;2023-12-08T13:50:48.985Z;2023-12-08T13:50:50.320Z;1.33s;1.33s;201
https://8322cbcz5p.us-east-2.awsapprunner.com/v1/transactions;2023-12-08T13:50:48.985Z;2023-12-08T13:50:50.322Z;1.34s;1.34s;201
https://8322cbcz5p.us-east-2.awsapprunner.com/v1/transactions;2023-12-08T13:50:48.980Z;2023-12-08T13:50:50.336Z;1.36s;1.36s;201
https://8322cbcz5p.us-east-2.awsapprunner.com/v1/transactions;2023-12-08T13:50:48.977Z;2023-12-08T13:50:50.339Z;1.36s;1.36s;201
https://8322cbcz5p.us-east-2.awsapprunner.com/v1/transactions;2023-12-08T13:50:48.984Z;2023-12-08T13:50:50.344Z;1.36s;1.36s;201
https://8322cbcz5p.us-east-2.awsapprunner.com/v1/transactions;2023-12-08T13:50:48.986Z;2023-12-08T13:50:50.352Z;1.37s;1.37s;201
https://8322cbcz5p.us-east-2.awsapprunner.com/v1/transactions;2023-12-08T13:50:48.987Z;2023-12-08T13:50:50.354Z;1.37s;1.37s;201
https://8322cbcz5p.us-east-2.awsapprunner.com/v1/transactions;2023-12-08T13:50:48.983Z;2023-12-08T13:50:50.384Z;1.40s;1.40s;201
https://8322cbcz5p.us-east-2.awsapprunner.com/v1/transactions;2023-12-08T13:50:48.984Z;2023-12-08T13:50:50.385Z;1.40s;1.40s;201
https://8322cbcz5p.us-east-2.awsapprunner.com/v1/transactions;2023-12-08T13:50:48.983Z;2023-12-08T13:50:50.400Z;1.42s;1.42s;201
https://8322cbcz5p.us-east-2.awsapprunner.com/v1/transactions;2023-12-08T13:50:48.984Z;2023-12-08T13:50:50.429Z;1.45s;1.45s;201
https://8322cbcz5p.us-east-2.awsapprunner.com/v1/transactions;2023-12-08T13:50:48.986Z;2023-12-08T13:50:50.432Z;1.45s;1.45s;201
https://8322cbcz5p.us-east-2.awsapprunner.com/v1/transactions;2023-12-08T13:50:51.449Z;2023-12-08T13:50:52.842Z;1.39s;1.39s;201
https://8322cbcz5p.us-east-2.awsapprunner.com/v1/transactions;2023-12-08T13:50:51.452Z;2023-12-08T13:50:52.851Z;1.40s;1.40s;201
https://8322cbcz5p.us-east-2.awsapprunner.com/v1/transactions;2023-12-08T13:50:51.451Z;2023-12-08T13:50:52.860Z;1.41s;1.41s;201
https://8322cbcz5p.us-east-2.awsapprunner.com/v1/transactions;2023-12-08T13:50:51.451Z;2023-12-08T13:50:52.875Z;1.42s;1.42s;201
https://8322cbcz5p.us-east-2.awsapprunner.com/v1/transactions;2023-12-08T13:50:51.451Z;2023-12-08T13:50:52.882Z;1.43s;1.43s;201
https://8322cbcz5p.us-east-2.awsapprunner.com/v1/transactions;2023-12-08T13:50:51.453Z;2023-12-08T13:50:52.898Z;1.45s;1.45s;201
https://8322cbcz5p.us-east-2.awsapprunner.com/v1/transactions;2023-12-08T13:50:51.448Z;2023-12-08T13:50:52.906Z;1.46s;1.46s;201
https://8322cbcz5p.us-east-2.awsapprunner.com/v1/transactions;2023-12-08T13:50:51.454Z;2023-12-08T13:50:52.917Z;1.46s;1.46s;201
https://8322cbcz5p.us-east-2.awsapprunner.com/v1/transactions;2023-12-08T13:50:51.449Z;2023-12-08T13:50:52.925Z;1.48s;1.48s;201
https://8322cbcz5p.us-east-2.awsapprunner.com/v1/transactions;2023-12-08T13:50:51.453Z;2023-12-08T13:50:52.930Z;1.48s;1.48s;201
https://8322cbcz5p.us-east-2.awsapprunner.com/v1/transactions;2023-12-08T13:50:51.448Z;2023-12-08T13:50:52.932Z;1.48s;1.48s;201
https://8322cbcz5p.us-east-2.awsapprunner.com/v1/transactions;2023-12-08T13:50:51.455Z;2023-12-08T13:50:52.935Z;1.48s;1.48s;201
https://8322cbcz5p.us-east-2.awsapprunner.com/v1/transactions;2023-12-08T13:50:51.447Z;2023-12-08T13:50:52.936Z;1.49s;1.49s;201
https://8322cbcz5p.us-east-2.awsapprunner.com/v1/transactions;2023-12-08T13:50:51.452Z;2023-12-08T13:50:52.940Z;1.49s;1.49s;201
https://8322cbcz5p.us-east-2.awsapprunner.com/v1/transactions;2023-12-08T13:50:51.449Z;2023-12-08T13:50:52.952Z;1.50s;1.50s;201
https://8322cbcz5p.us-east-2.awsapprunner.com/v1/transactions;2023-12-08T13:50:53.957Z;2023-12-08T13:50:55.209Z;1.25s;1.25s;201
https://8322cbcz5p.us-east-2.awsapprunner.com/v1/transactions;2023-12-08T13:50:53.957Z;2023-12-08T13:50:55.210Z;1.25s;1.25s;201
https://8322cbcz5p.us-east-2.awsapprunner.com/v1/transactions;2023-12-08T13:50:53.961Z;2023-12-08T13:50:55.219Z;1.26s;1.26s;201
https://8322cbcz5p.us-east-2.awsapprunner.com/v1/transactions;2023-12-08T13:50:53.961Z;2023-12-08T13:50:55.228Z;1.27s;1.27s;201
https://8322cbcz5p.us-east-2.awsapprunner.com/v1/transactions;2023-12-08T13:50:53.956Z;2023-12-08T13:50:55.246Z;1.29s;1.29s;201
https://8322cbcz5p.us-east-2.awsapprunner.com/v1/transactions;2023-12-08T13:50:53.960Z;2023-12-08T13:50:55.280Z;1.32s;1.32s;201
https://8322cbcz5p.us-east-2.awsapprunner.com/v1/transactions;2023-12-08T13:50:53.962Z;2023-12-08T13:50:55.289Z;1.33s;1.33s;201
https://8322cbcz5p.us-east-2.awsapprunner.com/v1/transactions;2023-12-08T13:50:53.959Z;2023-12-08T13:50:55.294Z;1.33s;1.33s;201
https://8322cbcz5p.us-east-2.awsapprunner.com/v1/transactions;2023-12-08T13:50:53.960Z;2023-12-08T13:50:55.299Z;1.34s;1.34s;201
https://8322cbcz5p.us-east-2.awsapprunner.com/v1/transactions;2023-12-08T13:50:53.958Z;2023-12-08T13:50:55.307Z;1.35s;1.35s;201
https://8322cbcz5p.us-east-2.awsapprunner.com/v1/transactions;2023-12-08T13:50:53.957Z;2023-12-08T13:50:55.321Z;1.36s;1.36s;201
https://8322cbcz5p.us-east-2.awsapprunner.com/v1/transactions;2023-12-08T13:50:53.959Z;2023-12-08T13:50:55.329Z;1.37s;1.37s;201
https://8322cbcz5p.us-east-2.awsapprunner.com/v1/transactions;2023-12-08T13:50:53.958Z;2023-12-08T13:50:55.333Z;1.38s;1.38s;201
https://8322cbcz5p.us-east-2.awsapprunner.com/v1/transactions;2023-12-08T13:50:53.963Z;2023-12-08T13:50:55.355Z;1.39s;1.39s;201
https://8322cbcz5p.us-east-2.awsapprunner.com/v1/transactions;2023-12-08T13:50:53.963Z;2023-12-08T13:50:55.366Z;1.40s;1.40s;201
https://8322cbcz5p.us-east-2.awsapprunner.com/v1/transactions;2023-12-08T13:50:56.370Z;2023-12-08T13:50:57.649Z;1.28s;1.28s;201
https://8322cbcz5p.us-east-2.awsapprunner.com/v1/transactions;2023-12-08T13:50:56.374Z;2023-12-08T13:50:57.652Z;1.28s;1.28s;201
https://8322cbcz5p.us-east-2.awsapprunner.com/v1/transactions;2023-12-08T13:50:56.373Z;2023-12-08T13:50:57.656Z;1.28s;1.28s;201
https://8322cbcz5p.us-east-2.awsapprunner.com/v1/transactions;2023-12-08T13:50:56.375Z;2023-12-08T13:50:57.691Z;1.32s;1.32s;201
https://8322cbcz5p.us-east-2.awsapprunner.com/v1/transactions;2023-12-08T13:50:56.372Z;2023-12-08T13:50:57.724Z;1.35s;1.35s;201
https://8322cbcz5p.us-east-2.awsapprunner.com/v1/transactions;2023-12-08T13:50:56.373Z;2023-12-08T13:50:57.726Z;1.35s;1.35s;201
https://8322cbcz5p.us-east-2.awsapprunner.com/v1/transactions;2023-12-08T13:50:56.371Z;2023-12-08T13:50:57.734Z;1.36s;1.36s;201
https://8322cbcz5p.us-east-2.awsapprunner.com/v1/transactions;2023-12-08T13:50:56.369Z;2023-12-08T13:50:57.871Z;1.50s;1.50s;201
https://8322cbcz5p.us-east-2.awsapprunner.com/v1/transactions;2023-12-08T13:50:56.372Z;2023-12-08T13:50:57.872Z;1.50s;1.50s;201
https://8322cbcz5p.us-east-2.awsapprunner.com/v1/transactions;2023-12-08T13:50:56.374Z;2023-12-08T13:50:57.874Z;1.50s;1.50s;201
https://8322cbcz5p.us-east-2.awsapprunner.com/v1/transactions;2023-12-08T13:50:56.373Z;2023-12-08T13:50:57.980Z;1.61s;1.61s;201
https://8322cbcz5p.us-east-2.awsapprunner.com/v1/transactions;2023-12-08T13:50:56.370Z;2023-12-08T13:50:57.982Z;1.61s;1.61s;201
https://8322cbcz5p.us-east-2.awsapprunner.com/v1/transactions;2023-12-08T13:50:56.371Z;2023-12-08T13:50:57.983Z;1.61s;1.61s;201
https://8322cbcz5p.us-east-2.awsapprunner.com/v1/transactions;2023-12-08T13:50:56.375Z;2023-12-08T13:50:58.386Z;2.01s;2.01s;201
https://8322cbcz5p.us-east-2.awsapprunner.com/v1/transactions;2023-12-08T13:50:56.376Z;2023-12-08T13:50:58.387Z;2.01s;2.01s;201
https://8322cbcz5p.us-east-2.awsapprunner.com/v1/transactions;2023-12-08T13:50:59.398Z;2023-12-08T13:51:00.674Z;1.28s;1.28s;201
https://8322cbcz5p.us-east-2.awsapprunner.com/v1/transactions;2023-12-08T13:50:59.396Z;2023-12-08T13:51:00.681Z;1.28s;1.28s;201
https://8322cbcz5p.us-east-2.awsapprunner.com/v1/transactions;2023-12-08T13:50:59.394Z;2023-12-08T13:51:00.685Z;1.29s;1.29s;201
https://8322cbcz5p.us-east-2.awsapprunner.com/v1/transactions;2023-12-08T13:50:59.396Z;2023-12-08T13:51:00.693Z;1.30s;1.30s;201
https://8322cbcz5p.us-east-2.awsapprunner.com/v1/transactions;2023-12-08T13:50:59.395Z;2023-12-08T13:51:00.736Z;1.34s;1.34s;201
https://8322cbcz5p.us-east-2.awsapprunner.com/v1/transactions;2023-12-08T13:50:59.392Z;2023-12-08T13:51:00.737Z;1.34s;1.34s;201
https://8322cbcz5p.us-east-2.awsapprunner.com/v1/transactions;2023-12-08T13:50:59.393Z;2023-12-08T13:51:00.738Z;1.34s;1.34s;201
https://8322cbcz5p.us-east-2.awsapprunner.com/v1/transactions;2023-12-08T13:50:59.397Z;2023-12-08T13:51:00.744Z;1.35s;1.35s;201
https://8322cbcz5p.us-east-2.awsapprunner.com/v1/transactions;2023-12-08T13:50:59.398Z;2023-12-08T13:51:00.756Z;1.36s;1.36s;201
https://8322cbcz5p.us-east-2.awsapprunner.com/v1/transactions;2023-12-08T13:50:59.393Z;2023-12-08T13:51:00.771Z;1.38s;1.38s;201
https://8322cbcz5p.us-east-2.awsapprunner.com/v1/transactions;2023-12-08T13:50:59.397Z;2023-12-08T13:51:00.781Z;1.38s;1.38s;201
https://8322cbcz5p.us-east-2.awsapprunner.com/v1/transactions;2023-12-08T13:50:59.395Z;2023-12-08T13:51:01.124Z;1.73s;1.73s;201
https://8322cbcz5p.us-east-2.awsapprunner.com/v1/transactions;2023-12-08T13:50:59.393Z;2023-12-08T13:51:01.127Z;1.73s;1.73s;201
https://8322cbcz5p.us-east-2.awsapprunner.com/v1/transactions;2023-12-08T13:50:59.394Z;2023-12-08T13:51:01.129Z;1.74s;1.74s;201
https://8322cbcz5p.us-east-2.awsapprunner.com/v1/transactions;2023-12-08T13:50:59.391Z;2023-12-08T13:51:01.186Z;1.79s;1.79s;201
https://8322cbcz5p.us-east-2.awsapprunner.com/v1/transactions;2023-12-08T13:51:02.198Z;2023-12-08T13:51:03.457Z;1.26s;1.26s;201
https://8322cbcz5p.us-east-2.awsapprunner.com/v1/transactions;2023-12-08T13:51:02.201Z;2023-12-08T13:51:03.462Z;1.26s;1.26s;201
https://8322cbcz5p.us-east-2.awsapprunner.com/v1/transactions;2023-12-08T13:51:02.202Z;2023-12-08T13:51:03.520Z;1.32s;1.32s;201
https://8322cbcz5p.us-east-2.awsapprunner.com/v1/transactions;2023-12-08T13:51:02.203Z;2023-12-08T13:51:03.525Z;1.32s;1.32s;201
https://8322cbcz5p.us-east-2.awsapprunner.com/v1/transactions;2023-12-08T13:51:02.200Z;2023-12-08T13:51:03.538Z;1.34s;1.34s;201
https://8322cbcz5p.us-east-2.awsapprunner.com/v1/transactions;2023-12-08T13:51:02.201Z;2023-12-08T13:51:03.545Z;1.34s;1.34s;201
https://8322cbcz5p.us-east-2.awsapprunner.com/v1/transactions;2023-12-08T13:51:02.200Z;2023-12-08T13:51:03.547Z;1.35s;1.35s;201
https://8322cbcz5p.us-east-2.awsapprunner.com/v1/transactions;2023-12-08T13:51:02.199Z;2023-12-08T13:51:03.548Z;1.35s;1.35s;201
https://8322cbcz5p.us-east-2.awsapprunner.com/v1/transactions;2023-12-08T13:51:02.202Z;2023-12-08T13:51:03.557Z;1.35s;1.35s;201
https://8322cbcz5p.us-east-2.awsapprunner.com/v1/transactions;2023-12-08T13:51:02.201Z;2023-12-08T13:51:03.575Z;1.37s;1.37s;201
https://8322cbcz5p.us-east-2.awsapprunner.com/v1/transactions;2023-12-08T13:51:02.205Z;2023-12-08T13:51:03.588Z;1.38s;1.38s;201
https://8322cbcz5p.us-east-2.awsapprunner.com/v1/transactions;2023-12-08T13:51:02.204Z;2023-12-08T13:51:03.592Z;1.39s;1.39s;201
https://8322cbcz5p.us-east-2.awsapprunner.com/v1/transactions;2023-12-08T13:51:02.203Z;2023-12-08T13:51:03.594Z;1.39s;1.39s;201
https://8322cbcz5p.us-east-2.awsapprunner.com/v1/transactions;2023-12-08T13:51:02.204Z;2023-12-08T13:51:03.597Z;1.39s;1.39s;201
https://8322cbcz5p.us-east-2.awsapprunner.com/v1/transactions;2023-12-08T13:51:02.199Z;2023-12-08T13:51:03.597Z;1.40s;1.40s;201
https://8322cbcz5p.us-east-2.awsapprunner.com/v1/transactions;2023-12-08T13:51:04.599Z;2023-12-08T13:51:05.915Z;1.32s;1.32s;201
https://8322cbcz5p.us-east-2.awsapprunner.com/v1/transactions;2023-12-08T13:51:04.600Z;2023-12-08T13:51:05.918Z;1.32s;1.32s;201
https://8322cbcz5p.us-east-2.awsapprunner.com/v1/transactions;2023-12-08T13:51:04.604Z;2023-12-08T13:51:05.927Z;1.32s;1.32s;201
https://8322cbcz5p.us-east-2.awsapprunner.com/v1/transactions;2023-12-08T13:51:04.603Z;2023-12-08T13:51:05.943Z;1.34s;1.34s;201
https://8322cbcz5p.us-east-2.awsapprunner.com/v1/transactions;2023-12-08T13:51:04.602Z;2023-12-08T13:51:05.962Z;1.36s;1.36s;201
https://8322cbcz5p.us-east-2.awsapprunner.com/v1/transactions;2023-12-08T13:51:04.598Z;2023-12-08T13:51:05.967Z;1.37s;1.37s;201
https://8322cbcz5p.us-east-2.awsapprunner.com/v1/transactions;2023-12-08T13:51:04.601Z;2023-12-08T13:51:05.975Z;1.37s;1.37s;201
https://8322cbcz5p.us-east-2.awsapprunner.com/v1/transactions;2023-12-08T13:51:04.605Z;2023-12-08T13:51:05.979Z;1.37s;1.37s;201
https://8322cbcz5p.us-east-2.awsapprunner.com/v1/transactions;2023-12-08T13:51:04.600Z;2023-12-08T13:51:05.990Z;1.39s;1.39s;201
https://8322cbcz5p.us-east-2.awsapprunner.com/v1/transactions;2023-12-08T13:51:04.602Z;2023-12-08T13:51:06.001Z;1.40s;1.40s;201
https://8322cbcz5p.us-east-2.awsapprunner.com/v1/transactions;2023-12-08T13:51:04.603Z;2023-12-08T13:51:06.006Z;1.40s;1.40s;201
https://8322cbcz5p.us-east-2.awsapprunner.com/v1/transactions;2023-12-08T13:51:04.604Z;2023-12-08T13:51:06.013Z;1.41s;1.41s;201
https://8322cbcz5p.us-east-2.awsapprunner.com/v1/transactions;2023-12-08T13:51:04.601Z;2023-12-08T13:51:06.015Z;1.41s;1.41s;201
https://8322cbcz5p.us-east-2.awsapprunner.com/v1/transactions;2023-12-08T13:51:04.601Z;2023-12-08T13:51:06.053Z;1.45s;1.45s;201
https://8322cbcz5p.us-east-2.awsapprunner.com/v1/transactions;2023-12-08T13:51:04.605Z;2023-12-08T13:51:06.056Z;1.45s;1.45s;201
https://8322cbcz5p.us-east-2.awsapprunner.com/v1/transactions;2023-12-08T13:51:07.061Z;2023-12-08T13:51:08.357Z;1.30s;1.30s;201
https://8322cbcz5p.us-east-2.awsapprunner.com/v1/transactions;2023-12-08T13:51:07.061Z;2023-12-08T13:51:08.386Z;1.32s;1.32s;201
https://8322cbcz5p.us-east-2.awsapprunner.com/v1/transactions;2023-12-08T13:51:07.062Z;2023-12-08T13:51:08.386Z;1.32s;1.32s;201
https://8322cbcz5p.us-east-2.awsapprunner.com/v1/transactions;2023-12-08T13:51:07.059Z;2023-12-08T13:51:08.395Z;1.34s;1.34s;201
https://8322cbcz5p.us-east-2.awsapprunner.com/v1/transactions;2023-12-08T13:51:07.060Z;2023-12-08T13:51:08.396Z;1.34s;1.34s;201
https://8322cbcz5p.us-east-2.awsapprunner.com/v1/transactions;2023-12-08T13:51:07.058Z;2023-12-08T13:51:08.397Z;1.34s;1.34s;201
https://8322cbcz5p.us-east-2.awsapprunner.com/v1/transactions;2023-12-08T13:51:07.062Z;2023-12-08T13:51:08.412Z;1.35s;1.35s;201
https://8322cbcz5p.us-east-2.awsapprunner.com/v1/transactions;2023-12-08T13:51:07.065Z;2023-12-08T13:51:08.429Z;1.36s;1.36s;201
https://8322cbcz5p.us-east-2.awsapprunner.com/v1/transactions;2023-12-08T13:51:07.064Z;2023-12-08T13:51:08.436Z;1.37s;1.37s;201
https://8322cbcz5p.us-east-2.awsapprunner.com/v1/transactions;2023-12-08T13:51:07.065Z;2023-12-08T13:51:08.441Z;1.38s;1.38s;201
https://8322cbcz5p.us-east-2.awsapprunner.com/v1/transactions;2023-12-08T13:51:07.061Z;2023-12-08T13:51:08.448Z;1.39s;1.39s;201
https://8322cbcz5p.us-east-2.awsapprunner.com/v1/transactions;2023-12-08T13:51:07.060Z;2023-12-08T13:51:08.468Z;1.41s;1.41s;201
https://8322cbcz5p.us-east-2.awsapprunner.com/v1/transactions;2023-12-08T13:51:07.063Z;2023-12-08T13:51:08.476Z;1.41s;1.41s;201
https://8322cbcz5p.us-east-2.awsapprunner.com/v1/transactions;2023-12-08T13:51:07.063Z;2023-12-08T13:51:08.479Z;1.42s;1.42s;201
https://8322cbcz5p.us-east-2.awsapprunner.com/v1/transactions;2023-12-08T13:51:07.064Z;2023-12-08T13:51:08.503Z;1.44s;1.44s;201
https://8322cbcz5p.us-east-2.awsapprunner.com/v1/transactions;2023-12-08T13:51:09.513Z;2023-12-08T13:51:10.787Z;1.27s;1.27s;201
https://8322cbcz5p.us-east-2.awsapprunner.com/v1/transactions;2023-12-08T13:51:09.508Z;2023-12-08T13:51:10.789Z;1.28s;1.28s;201
https://8322cbcz5p.us-east-2.awsapprunner.com/v1/transactions;2023-12-08T13:51:09.520Z;2023-12-08T13:51:10.821Z;1.30s;1.30s;201
https://8322cbcz5p.us-east-2.awsapprunner.com/v1/transactions;2023-12-08T13:51:09.518Z;2023-12-08T13:51:10.834Z;1.32s;1.32s;201
https://8322cbcz5p.us-east-2.awsapprunner.com/v1/transactions;2023-12-08T13:51:09.511Z;2023-12-08T13:51:10.838Z;1.33s;1.33s;201
https://8322cbcz5p.us-east-2.awsapprunner.com/v1/transactions;2023-12-08T13:51:09.523Z;2023-12-08T13:51:10.842Z;1.32s;1.32s;201
https://8322cbcz5p.us-east-2.awsapprunner.com/v1/transactions;2023-12-08T13:51:09.516Z;2023-12-08T13:51:10.843Z;1.33s;1.33s;201
https://8322cbcz5p.us-east-2.awsapprunner.com/v1/transactions;2023-12-08T13:51:09.523Z;2023-12-08T13:51:10.874Z;1.35s;1.35s;201
https://8322cbcz5p.us-east-2.awsapprunner.com/v1/transactions;2023-12-08T13:51:09.521Z;2023-12-08T13:51:10.875Z;1.35s;1.35s;201
https://8322cbcz5p.us-east-2.awsapprunner.com/v1/transactions;2023-12-08T13:51:09.522Z;2023-12-08T13:51:10.880Z;1.36s;1.36s;201
https://8322cbcz5p.us-east-2.awsapprunner.com/v1/transactions;2023-12-08T13:51:09.520Z;2023-12-08T13:51:10.905Z;1.39s;1.39s;201
https://8322cbcz5p.us-east-2.awsapprunner.com/v1/transactions;2023-12-08T13:51:09.521Z;2023-12-08T13:51:10.906Z;1.39s;1.39s;201
https://8322cbcz5p.us-east-2.awsapprunner.com/v1/transactions;2023-12-08T13:51:09.523Z;2023-12-08T13:51:10.912Z;1.39s;1.39s;201
https://8322cbcz5p.us-east-2.awsapprunner.com/v1/transactions;2023-12-08T13:51:09.520Z;2023-12-08T13:51:10.916Z;1.40s;1.40s;201
https://8322cbcz5p.us-east-2.awsapprunner.com/v1/transactions;2023-12-08T13:51:09.522Z;2023-12-08T13:51:10.936Z;1.41s;1.41s;201
https://8322cbcz5p.us-east-2.awsapprunner.com/v1/transactions;2023-12-08T13:51:11.947Z;2023-12-08T13:51:13.203Z;1.26s;1.26s;201
https://8322cbcz5p.us-east-2.awsapprunner.com/v1/transactions;2023-12-08T13:51:11.955Z;2023-12-08T13:51:13.206Z;1.25s;1.25s;201
https://8322cbcz5p.us-east-2.awsapprunner.com/v1/transactions;2023-12-08T13:51:11.955Z;2023-12-08T13:51:13.223Z;1.27s;1.27s;201
https://8322cbcz5p.us-east-2.awsapprunner.com/v1/transactions;2023-12-08T13:51:11.945Z;2023-12-08T13:51:13.224Z;1.28s;1.28s;201
https://8322cbcz5p.us-east-2.awsapprunner.com/v1/transactions;2023-12-08T13:51:11.941Z;2023-12-08T13:51:13.226Z;1.28s;1.28s;201
https://8322cbcz5p.us-east-2.awsapprunner.com/v1/transactions;2023-12-08T13:51:11.950Z;2023-12-08T13:51:13.269Z;1.32s;1.32s;201
https://8322cbcz5p.us-east-2.awsapprunner.com/v1/transactions;2023-12-08T13:51:11.956Z;2023-12-08T13:51:13.269Z;1.31s;1.31s;201
https://8322cbcz5p.us-east-2.awsapprunner.com/v1/transactions;2023-12-08T13:51:11.953Z;2023-12-08T13:51:13.275Z;1.32s;1.32s;201
https://8322cbcz5p.us-east-2.awsapprunner.com/v1/transactions;2023-12-08T13:51:11.953Z;2023-12-08T13:51:13.284Z;1.33s;1.33s;201
https://8322cbcz5p.us-east-2.awsapprunner.com/v1/transactions;2023-12-08T13:51:11.955Z;2023-12-08T13:51:13.289Z;1.33s;1.33s;201
https://8322cbcz5p.us-east-2.awsapprunner.com/v1/transactions;2023-12-08T13:51:11.952Z;2023-12-08T13:51:13.319Z;1.37s;1.37s;201
https://8322cbcz5p.us-east-2.awsapprunner.com/v1/transactions;2023-12-08T13:51:11.956Z;2023-12-08T13:51:13.329Z;1.37s;1.37s;201
https://8322cbcz5p.us-east-2.awsapprunner.com/v1/transactions;2023-12-08T13:51:11.957Z;2023-12-08T13:51:13.344Z;1.39s;1.39s;201
https://8322cbcz5p.us-east-2.awsapprunner.com/v1/transactions;2023-12-08T13:51:11.954Z;2023-12-08T13:51:13.347Z;1.39s;1.39s;201
https://8322cbcz5p.us-east-2.awsapprunner.com/v1/transactions;2023-12-08T13:51:11.954Z;2023-12-08T13:51:13.400Z;1.45s;1.45s;201
https://8322cbcz5p.us-east-2.awsapprunner.com/v1/transactions;2023-12-08T13:51:14.420Z;2023-12-08T13:51:15.685Z;1.26s;1.26s;201
https://8322cbcz5p.us-east-2.awsapprunner.com/v1/transactions;2023-12-08T13:51:14.416Z;2023-12-08T13:51:15.686Z;1.27s;1.27s;201
https://8322cbcz5p.us-east-2.awsapprunner.com/v1/transactions;2023-12-08T13:51:14.421Z;2023-12-08T13:51:15.693Z;1.27s;1.27s;201
https://8322cbcz5p.us-east-2.awsapprunner.com/v1/transactions;2023-12-08T13:51:14.420Z;2023-12-08T13:51:15.727Z;1.31s;1.31s;201
https://8322cbcz5p.us-east-2.awsapprunner.com/v1/transactions;2023-12-08T13:51:14.423Z;2023-12-08T13:51:15.745Z;1.32s;1.32s;201
https://8322cbcz5p.us-east-2.awsapprunner.com/v1/transactions;2023-12-08T13:51:14.408Z;2023-12-08T13:51:15.748Z;1.34s;1.34s;201
https://8322cbcz5p.us-east-2.awsapprunner.com/v1/transactions;2023-12-08T13:51:14.419Z;2023-12-08T13:51:15.758Z;1.34s;1.34s;201
https://8322cbcz5p.us-east-2.awsapprunner.com/v1/transactions;2023-12-08T13:51:14.423Z;2023-12-08T13:51:15.760Z;1.34s;1.34s;201
https://8322cbcz5p.us-east-2.awsapprunner.com/v1/transactions;2023-12-08T13:51:14.422Z;2023-12-08T13:51:15.770Z;1.35s;1.35s;201
https://8322cbcz5p.us-east-2.awsapprunner.com/v1/transactions;2023-12-08T13:51:14.424Z;2023-12-08T13:51:15.780Z;1.36s;1.36s;201
https://8322cbcz5p.us-east-2.awsapprunner.com/v1/transactions;2023-12-08T13:51:14.422Z;2023-12-08T13:51:15.801Z;1.38s;1.38s;201
https://8322cbcz5p.us-east-2.awsapprunner.com/v1/transactions;2023-12-08T13:51:14.421Z;2023-12-08T13:51:15.818Z;1.40s;1.40s;201
https://8322cbcz5p.us-east-2.awsapprunner.com/v1/transactions;2023-12-08T13:51:14.424Z;2023-12-08T13:51:15.819Z;1.40s;1.40s;201
https://8322cbcz5p.us-east-2.awsapprunner.com/v1/transactions;2023-12-08T13:51:14.421Z;2023-12-08T13:51:15.820Z;1.40s;1.40s;201
https://8322cbcz5p.us-east-2.awsapprunner.com/v1/transactions;2023-12-08T13:51:14.413Z;2023-12-08T13:51:15.822Z;1.41s;1.41s;201
https://8322cbcz5p.us-east-2.awsapprunner.com/v1/transactions;2023-12-08T13:51:16.823Z;2023-12-08T13:51:18.081Z;1.26s;1.26s;201
https://8322cbcz5p.us-east-2.awsapprunner.com/v1/transactions;2023-12-08T13:51:16.824Z;2023-12-08T13:51:18.089Z;1.26s;1.26s;201
https://8322cbcz5p.us-east-2.awsapprunner.com/v1/transactions;2023-12-08T13:51:16.826Z;2023-12-08T13:51:18.127Z;1.30s;1.30s;201
https://8322cbcz5p.us-east-2.awsapprunner.com/v1/transactions;2023-12-08T13:51:16.829Z;2023-12-08T13:51:18.128Z;1.30s;1.30s;201
https://8322cbcz5p.us-east-2.awsapprunner.com/v1/transactions;2023-12-08T13:51:16.825Z;2023-12-08T13:51:18.133Z;1.31s;1.31s;201
https://8322cbcz5p.us-east-2.awsapprunner.com/v1/transactions;2023-12-08T13:51:16.826Z;2023-12-08T13:51:18.149Z;1.32s;1.32s;201
https://8322cbcz5p.us-east-2.awsapprunner.com/v1/transactions;2023-12-08T13:51:16.825Z;2023-12-08T13:51:18.151Z;1.33s;1.33s;201
https://8322cbcz5p.us-east-2.awsapprunner.com/v1/transactions;2023-12-08T13:51:16.826Z;2023-12-08T13:51:18.160Z;1.33s;1.33s;201
https://8322cbcz5p.us-east-2.awsapprunner.com/v1/transactions;2023-12-08T13:51:16.822Z;2023-12-08T13:51:18.162Z;1.34s;1.34s;201
https://8322cbcz5p.us-east-2.awsapprunner.com/v1/transactions;2023-12-08T13:51:16.828Z;2023-12-08T13:51:18.183Z;1.35s;1.35s;201
https://8322cbcz5p.us-east-2.awsapprunner.com/v1/transactions;2023-12-08T13:51:16.828Z;2023-12-08T13:51:18.184Z;1.36s;1.36s;201
https://8322cbcz5p.us-east-2.awsapprunner.com/v1/transactions;2023-12-08T13:51:16.824Z;2023-12-08T13:51:18.201Z;1.38s;1.38s;201
https://8322cbcz5p.us-east-2.awsapprunner.com/v1/transactions;2023-12-08T13:51:16.830Z;2023-12-08T13:51:18.215Z;1.39s;1.39s;201
https://8322cbcz5p.us-east-2.awsapprunner.com/v1/transactions;2023-12-08T13:51:16.827Z;2023-12-08T13:51:18.218Z;1.39s;1.39s;201
https://8322cbcz5p.us-east-2.awsapprunner.com/v1/transactions;2023-12-08T13:51:16.827Z;2023-12-08T13:51:18.221Z;1.39s;1.39s;201
https://8322cbcz5p.us-east-2.awsapprunner.com/v1/transactions;2023-12-08T13:51:19.245Z;2023-12-08T13:51:20.550Z;1.30s;1.30s;201
https://8322cbcz5p.us-east-2.awsapprunner.com/v1/transactions;2023-12-08T13:51:19.241Z;2023-12-08T13:51:20.562Z;1.32s;1.32s;201
https://8322cbcz5p.us-east-2.awsapprunner.com/v1/transactions;2023-12-08T13:51:19.250Z;2023-12-08T13:51:20.562Z;1.31s;1.31s;201
https://8322cbcz5p.us-east-2.awsapprunner.com/v1/transactions;2023-12-08T13:51:19.247Z;2023-12-08T13:51:20.581Z;1.33s;1.33s;201
https://8322cbcz5p.us-east-2.awsapprunner.com/v1/transactions;2023-12-08T13:51:19.248Z;2023-12-08T13:51:20.593Z;1.34s;1.34s;201
https://8322cbcz5p.us-east-2.awsapprunner.com/v1/transactions;2023-12-08T13:51:19.247Z;2023-12-08T13:51:20.593Z;1.35s;1.35s;201
https://8322cbcz5p.us-east-2.awsapprunner.com/v1/transactions;2023-12-08T13:51:19.235Z;2023-12-08T13:51:20.595Z;1.36s;1.36s;201
https://8322cbcz5p.us-east-2.awsapprunner.com/v1/transactions;2023-12-08T13:51:19.239Z;2023-12-08T13:51:20.601Z;1.36s;1.36s;201
https://8322cbcz5p.us-east-2.awsapprunner.com/v1/transactions;2023-12-08T13:51:19.251Z;2023-12-08T13:51:20.613Z;1.36s;1.36s;201
https://8322cbcz5p.us-east-2.awsapprunner.com/v1/transactions;2023-12-08T13:51:19.243Z;2023-12-08T13:51:20.622Z;1.38s;1.38s;201
https://8322cbcz5p.us-east-2.awsapprunner.com/v1/transactions;2023-12-08T13:51:19.249Z;2023-12-08T13:51:20.630Z;1.38s;1.38s;201
https://8322cbcz5p.us-east-2.awsapprunner.com/v1/transactions;2023-12-08T13:51:19.248Z;2023-12-08T13:51:20.633Z;1.39s;1.39s;201
https://8322cbcz5p.us-east-2.awsapprunner.com/v1/transactions;2023-12-08T13:51:19.249Z;2023-12-08T13:51:20.661Z;1.41s;1.41s;201
https://8322cbcz5p.us-east-2.awsapprunner.com/v1/transactions;2023-12-08T13:51:19.250Z;2023-12-08T13:51:20.662Z;1.41s;1.41s;201
https://8322cbcz5p.us-east-2.awsapprunner.com/v1/transactions;2023-12-08T13:51:19.246Z;2023-12-08T13:51:20.679Z;1.43s;1.43s;201
https://8322cbcz5p.us-east-2.awsapprunner.com/v1/transactions;2023-12-08T13:51:21.686Z;2023-12-08T13:51:22.967Z;1.28s;1.28s;201
https://8322cbcz5p.us-east-2.awsapprunner.com/v1/transactions;2023-12-08T13:51:21.689Z;2023-12-08T13:51:22.979Z;1.29s;1.29s;201
https://8322cbcz5p.us-east-2.awsapprunner.com/v1/transactions;2023-12-08T13:51:21.685Z;2023-12-08T13:51:22.980Z;1.29s;1.29s;201
https://8322cbcz5p.us-east-2.awsapprunner.com/v1/transactions;2023-12-08T13:51:21.685Z;2023-12-08T13:51:22.986Z;1.30s;1.30s;201
https://8322cbcz5p.us-east-2.awsapprunner.com/v1/transactions;2023-12-08T13:51:21.687Z;2023-12-08T13:51:23.019Z;1.33s;1.33s;201
https://8322cbcz5p.us-east-2.awsapprunner.com/v1/transactions;2023-12-08T13:51:21.688Z;2023-12-08T13:51:23.025Z;1.34s;1.34s;201
https://8322cbcz5p.us-east-2.awsapprunner.com/v1/transactions;2023-12-08T13:51:21.686Z;2023-12-08T13:51:23.049Z;1.36s;1.36s;201
https://8322cbcz5p.us-east-2.awsapprunner.com/v1/transactions;2023-12-08T13:51:21.683Z;2023-12-08T13:51:23.058Z;1.38s;1.38s;201
https://8322cbcz5p.us-east-2.awsapprunner.com/v1/transactions;2023-12-08T13:51:21.686Z;2023-12-08T13:51:23.060Z;1.37s;1.37s;201
https://8322cbcz5p.us-east-2.awsapprunner.com/v1/transactions;2023-12-08T13:51:21.689Z;2023-12-08T13:51:23.085Z;1.40s;1.40s;201
https://8322cbcz5p.us-east-2.awsapprunner.com/v1/transactions;2023-12-08T13:51:21.684Z;2023-12-08T13:51:23.091Z;1.41s;1.41s;201
https://8322cbcz5p.us-east-2.awsapprunner.com/v1/transactions;2023-12-08T13:51:21.687Z;2023-12-08T13:51:23.108Z;1.42s;1.42s;201
https://8322cbcz5p.us-east-2.awsapprunner.com/v1/transactions;2023-12-08T13:51:21.690Z;2023-12-08T13:51:23.109Z;1.42s;1.42s;201
https://8322cbcz5p.us-east-2.awsapprunner.com/v1/transactions;2023-12-08T13:51:21.688Z;2023-12-08T13:51:23.112Z;1.42s;1.42s;201
https://8322cbcz5p.us-east-2.awsapprunner.com/v1/transactions;2023-12-08T13:51:21.690Z;2023-12-08T13:51:23.113Z;1.42s;1.42s;201
